-- --------------------------------------------------------
-- Host:                         localhost
-- Server versie:                5.7.24 - MySQL Community Server (GPL)
-- Server OS:                    Win64
-- HeidiSQL Versie:              10.2.0.5599
-- --------------------------------------------------------

/*!40101 SET @OLD_CHARACTER_SET_CLIENT=@@CHARACTER_SET_CLIENT */;
/*!40101 SET NAMES utf8 */;
/*!50503 SET NAMES utf8mb4 */;
/*!40014 SET @OLD_FOREIGN_KEY_CHECKS=@@FOREIGN_KEY_CHECKS, FOREIGN_KEY_CHECKS=0 */;
/*!40101 SET @OLD_SQL_MODE=@@SQL_MODE, SQL_MODE='NO_AUTO_VALUE_ON_ZERO' */;

-- Dumpen data van tabel steros.brands: ~100 rows (ongeveer)
/*!40000 ALTER TABLE `brands` DISABLE KEYS */;
TRUNCATE TABLE `brands`;
INSERT INTO `brands` (`id`, `created_at`, `updated_at`, `name`) VALUES
	(1, NULL, NULL, 'BenQ'),
	(2, NULL, NULL, 'Garmin'),
	(3, NULL, NULL, 'TPI Corporation'),
	(4, NULL, NULL, 'Land Pride'),
	(5, NULL, NULL, 'Humminbird'),
	(6, NULL, NULL, 'IOGear'),
	(7, NULL, NULL, 'Kohler'),
	(8, NULL, NULL, 'ProForm'),
	(9, NULL, NULL, 'Grizzly'),
	(10, NULL, NULL, 'Furuno'),
	(11, NULL, NULL, 'DigiTech'),
	(12, NULL, NULL, 'Yamaha'),
	(13, NULL, NULL, 'Samson'),
	(14, NULL, NULL, 'JBL'),
	(15, NULL, NULL, 'Crown Audio'),
	(16, NULL, NULL, 'MTX Audio'),
	(17, NULL, NULL, 'Musica'),
	(18, NULL, NULL, 'DCM Speakers'),
	(19, NULL, NULL, 'AOC'),
	(20, NULL, NULL, 'ALCATEL Mobile Phones'),
	(21, NULL, NULL, 'Huawei'),
	(22, NULL, NULL, 'ZTE'),
	(23, NULL, NULL, 'Motorola'),
	(24, NULL, NULL, 'Palm'),
	(25, NULL, NULL, 'LG Electronics'),
	(26, NULL, NULL, 'Samsung'),
	(27, NULL, NULL, 'Sony'),
	(28, NULL, NULL, 'Pantech'),
	(29, NULL, NULL, 'Citizen'),
	(30, NULL, NULL, 'Aastra Telecom'),
	(31, NULL, NULL, 'RCA'),
	(32, NULL, NULL, 'VTech'),
	(33, NULL, NULL, 'Uniden'),
	(34, NULL, NULL, 'AT&T'),
	(35, NULL, NULL, 'GE'),
	(36, NULL, NULL, 'Toshiba'),
	(37, NULL, NULL, 'Dell'),
	(38, NULL, NULL, 'Fujitsu'),
	(39, NULL, NULL, 'Lenovo'),
	(40, NULL, NULL, 'Apple'),
	(41, NULL, NULL, 'Carl Zeiss'),
	(42, NULL, NULL, 'Kowa'),
	(43, NULL, NULL, 'Pioneer'),
	(44, NULL, NULL, 'Behringer'),
	(45, NULL, NULL, 'GOAL ZERO'),
	(46, NULL, NULL, 'Delta Faucet'),
	(47, NULL, NULL, 'KitchenAid'),
	(48, NULL, NULL, 'Whirlpool'),
	(49, NULL, NULL, 'Black & Decker'),
	(50, NULL, NULL, 'Bosch Appliances'),
	(51, NULL, NULL, 'Gravely'),
	(52, NULL, NULL, 'DEFY'),
	(53, NULL, NULL, 'Shark'),
	(54, NULL, NULL, 'Indesit'),
	(55, NULL, NULL, 'Primus Canada'),
	(56, NULL, NULL, 'Black Diamond'),
	(57, NULL, NULL, 'Mustang Survival'),
	(58, NULL, NULL, 'O\'Brien'),
	(59, NULL, NULL, 'Sevylor'),
	(60, NULL, NULL, 'SportsStuff'),
	(61, NULL, NULL, 'Advanced Elements'),
	(62, NULL, NULL, 'Suunto'),
	(63, NULL, NULL, 'Oceanic'),
	(64, NULL, NULL, 'Sealife'),
	(65, NULL, NULL, 'Tascam'),
	(66, NULL, NULL, 'Dayton Audio'),
	(67, NULL, NULL, 'Peavey'),
	(68, NULL, NULL, 'Shure'),
	(69, NULL, NULL, 'Broil King'),
	(70, NULL, NULL, 'Weber'),
	(71, NULL, NULL, 'Kenmore'),
	(72, NULL, NULL, 'Nexgrill'),
	(73, NULL, NULL, 'Philips Norelco'),
	(74, NULL, NULL, 'Oral-B'),
	(75, NULL, NULL, 'Sonicare'),
	(76, NULL, NULL, 'Hello Kitty'),
	(77, NULL, NULL, 'Dometic'),
	(78, NULL, NULL, 'Citizen Systems'),
	(79, NULL, NULL, 'Fisher-Price'),
	(80, NULL, NULL, 'Smeg'),
	(81, NULL, NULL, 'Intova'),
	(82, NULL, NULL, 'Makita'),
	(83, NULL, NULL, 'Bosch Power Tools'),
	(84, NULL, NULL, 'Hitachi'),
	(85, NULL, NULL, 'Skil'),
	(86, NULL, NULL, 'Milwaukee'),
	(87, NULL, NULL, 'DeWalt'),
	(88, NULL, NULL, 'Sharp'),
	(89, NULL, NULL, 'Vizio'),
	(90, NULL, NULL, 'Sega'),
	(91, NULL, NULL, 'DJI'),
	(92, NULL, NULL, 'Dynex'),
	(93, NULL, NULL, 'SIIG'),
	(94, NULL, NULL, 'Avaya'),
	(95, NULL, NULL, 'Nintendo'),
	(96, NULL, NULL, 'Plantronics'),
	(97, NULL, NULL, 'Frigidaire'),
	(98, NULL, NULL, 'John Deere'),
	(99, NULL, NULL, 'Foster'),
	(100, NULL, NULL, 'Epson');
/*!40000 ALTER TABLE `brands` ENABLE KEYS */;

-- Dumpen data van tabel steros.manuals: ~100 rows (ongeveer)
/*!40000 ALTER TABLE `manuals` DISABLE KEYS */;
TRUNCATE TABLE `manuals`;
INSERT INTO `manuals` (`id`, `created_at`, `updated_at`, `filesize`, `originUrl`, `filename`, `downloadedServer`) VALUES
	(1, NULL, NULL, 2234284, 'http://pdfstream.manualsonline.com/8/84285170-664f-4a53-a9fd-21a8566b9df3.pdf', '84285170-664f-4a53-a9fd-21a8566b9df3.pdf', 'TransIP'),
	(2, NULL, NULL, 1908918, 'http://pdfstream.manualsonline.com/a/a6bbd04f-8442-4213-a272-735a16a3480b.pdf', 'a6bbd04f-8442-4213-a272-735a16a3480b.pdf', 'TransIP'),
	(3, NULL, NULL, 105342, 'http://pdfstream.manualsonline.com/f/ffd19f66-3828-4190-b109-a10312240cba.pdf', 'ffd19f66-3828-4190-b109-a10312240cba.pdf', 'TransIP'),
	(4, NULL, NULL, 71241, 'http://pdfstream.manualsonline.com/b/bb1bcd46-49e3-4c59-9f20-f0d44b5ec10c.pdf', 'bb1bcd46-49e3-4c59-9f20-f0d44b5ec10c.pdf', 'TransIP'),
	(5, NULL, NULL, 897667, 'http://pdfstream.manualsonline.com/a/a2ae66f2-e981-4cdd-9884-2276787a6d5d.pdf', 'a2ae66f2-e981-4cdd-9884-2276787a6d5d.pdf', 'TransIP'),
	(6, NULL, NULL, 26306119, 'http://pdfstream.manualsonline.com/9/96adc251-0579-4193-825b-1841cc485d42.pdf', '96adc251-0579-4193-825b-1841cc485d42.pdf', 'TransIP'),
	(7, NULL, NULL, 481422, 'http://pdfstream.manualsonline.com/7/78b69de3-b226-48ae-bd2d-d6dbb8bc9c6a.pdf', '78b69de3-b226-48ae-bd2d-d6dbb8bc9c6a.pdf', 'TransIP'),
	(8, NULL, NULL, 833513, 'http://pdfstream.manualsonline.com/a/a8d17ccc-f224-4543-aa4c-8c93196ed9b8.pdf', 'a8d17ccc-f224-4543-aa4c-8c93196ed9b8.pdf', 'TransIP'),
	(9, NULL, NULL, 942480, 'http://pdfstream.manualsonline.com/9/95591d1f-6361-4930-b276-238b87c2f851.pdf', '95591d1f-6361-4930-b276-238b87c2f851.pdf', 'TransIP'),
	(10, NULL, NULL, 441250, 'http://pdfstream.manualsonline.com/2/2b1cc142-f7a4-4f4f-b474-78943f3b88b0.pdf', '2b1cc142-f7a4-4f4f-b474-78943f3b88b0.pdf', 'TransIP'),
	(11, NULL, NULL, 3597916, 'http://pdfstream.manualsonline.com/f/ff310a9e-5549-4853-a397-b808931bff16.pdf', 'ff310a9e-5549-4853-a397-b808931bff16.pdf', 'TransIP'),
	(12, NULL, NULL, 5831176, 'http://pdfstream.manualsonline.com/d/d80f9f8c-3b19-4f3f-9014-247d2661427b.pdf', 'd80f9f8c-3b19-4f3f-9014-247d2661427b.pdf', 'TransIP'),
	(13, NULL, NULL, 824570, 'http://pdfstream.manualsonline.com/3/3f07e998-fe55-4bd2-aa74-d87a835f3f4a.pdf', '3f07e998-fe55-4bd2-aa74-d87a835f3f4a.pdf', 'TransIP'),
	(14, NULL, NULL, 4540064, 'http://pdfstream.manualsonline.com/a/a7c852de-5862-43d0-b5a9-3939cc5cadc3.pdf', 'a7c852de-5862-43d0-b5a9-3939cc5cadc3.pdf', 'TransIP'),
	(15, NULL, NULL, 2718970, 'http://pdfstream.manualsonline.com/9/9b75c929-8d97-41fa-ab8e-3815645942ec.pdf', '9b75c929-8d97-41fa-ab8e-3815645942ec.pdf', 'TransIP'),
	(16, NULL, NULL, 651408, 'http://pdfstream.manualsonline.com/d/dbd866c6-0a07-46be-a6e7-377fad333419.pdf', 'dbd866c6-0a07-46be-a6e7-377fad333419.pdf', 'TransIP'),
	(17, NULL, NULL, 1852467, 'http://pdfstream.manualsonline.com/2/228af0a7-43a7-4804-8e8c-16190b172f1c.pdf', '228af0a7-43a7-4804-8e8c-16190b172f1c.pdf', 'TransIP'),
	(18, NULL, NULL, 6267087, 'http://pdfstream.manualsonline.com/f/f3cac95f-cab7-4a68-835d-1b81811e263a.pdf', 'f3cac95f-cab7-4a68-835d-1b81811e263a.pdf', 'TransIP'),
	(19, NULL, NULL, 1581441, 'http://pdfstream.manualsonline.com/2/22d7781c-e122-486a-8caf-0b5b853c3564.pdf', '22d7781c-e122-486a-8caf-0b5b853c3564.pdf', 'TransIP'),
	(20, NULL, NULL, 12033152, 'http://pdfstream.manualsonline.com/8/80ff861f-290b-486a-8b36-96a76c3688bd.pdf', '80ff861f-290b-486a-8b36-96a76c3688bd.pdf', 'TransIP'),
	(21, NULL, NULL, 2800209, 'http://pdfstream.manualsonline.com/5/5b96edb8-c5aa-40e3-bbc4-4bd9d621be04.pdf', '5b96edb8-c5aa-40e3-bbc4-4bd9d621be04.pdf', 'TransIP'),
	(22, NULL, NULL, 2881427, 'http://pdfstream.manualsonline.com/0/05c5348e-d763-45de-a564-818191f39938.pdf', '05c5348e-d763-45de-a564-818191f39938.pdf', 'TransIP'),
	(23, NULL, NULL, 1668462, 'http://pdfstream.manualsonline.com/0/061ce286-36ec-4014-99e1-912823569e6b.pdf', '061ce286-36ec-4014-99e1-912823569e6b.pdf', 'TransIP'),
	(24, NULL, NULL, 1651429, 'http://pdfstream.manualsonline.com/6/6a9391db-c324-4ff9-be65-f61ebddbcd25.pdf', '6a9391db-c324-4ff9-be65-f61ebddbcd25.pdf', 'TransIP'),
	(25, NULL, NULL, 5170638, 'http://pdfstream.manualsonline.com/8/8ae177c2-4aa3-4b26-ae90-7ed5d6ca7f46.pdf', '8ae177c2-4aa3-4b26-ae90-7ed5d6ca7f46.pdf', 'TransIP'),
	(26, NULL, NULL, 2919958, 'http://pdfstream.manualsonline.com/e/e506d29f-8627-4f00-80d1-6eb0367a7813.pdf', 'e506d29f-8627-4f00-80d1-6eb0367a7813.pdf', 'TransIP'),
	(27, NULL, NULL, 8561468, 'http://pdfstream.manualsonline.com/e/e47963d2-7d81-440f-a20e-4cb596354bf8.pdf', 'e47963d2-7d81-440f-a20e-4cb596354bf8.pdf', 'TransIP'),
	(28, NULL, NULL, 5715455, 'http://pdfstream.manualsonline.com/9/9945c900-0bbf-4197-b702-259ed8e89a65.pdf', '9945c900-0bbf-4197-b702-259ed8e89a65.pdf', 'TransIP'),
	(29, NULL, NULL, 413861, 'http://pdfstream.manualsonline.com/f/f15991f0-17a8-4af8-9ef3-dd17b3d53815.pdf', 'f15991f0-17a8-4af8-9ef3-dd17b3d53815.pdf', 'TransIP'),
	(30, NULL, NULL, 28434028, 'http://pdfstream.manualsonline.com/0/0d86fd2d-f1a0-4d11-a65c-9a0a6aaac63b.pdf', '0d86fd2d-f1a0-4d11-a65c-9a0a6aaac63b.pdf', 'TransIP'),
	(31, NULL, NULL, 0, 'http://pdfstream.manualsonline.com/2/23c9e887-a7fc-4a77-9878-338fb600e8bc.pdf', '23c9e887-a7fc-4a77-9878-338fb600e8bc.pdf', 'TransIP'),
	(32, NULL, NULL, 0, 'http://pdfstream.manualsonline.com/a/a25624ba-08cc-4b95-b019-e0fcaec5824f.pdf', 'a25624ba-08cc-4b95-b019-e0fcaec5824f.pdf', 'TransIP'),
	(33, NULL, NULL, 0, 'http://pdfstream.manualsonline.com/6/6efebd28-803b-4d67-a051-ae4470f08469.pdf', '6efebd28-803b-4d67-a051-ae4470f08469.pdf', 'TransIP'),
	(34, NULL, NULL, 0, 'http://pdfstream.manualsonline.com/a/a3e4af2b-4ac8-4c68-b6a9-4ed0116c365a.pdf', 'a3e4af2b-4ac8-4c68-b6a9-4ed0116c365a.pdf', 'TransIP'),
	(35, NULL, NULL, 0, 'http://pdfstream.manualsonline.com/7/7c8a315b-f4d6-41c1-9e89-5c520daae6b3.pdf', '7c8a315b-f4d6-41c1-9e89-5c520daae6b3.pdf', 'TransIP'),
	(36, NULL, NULL, 0, 'http://pdfstream.manualsonline.com/d/da512b3f-6575-4a6d-9145-5d2fb89eba0f.pdf', 'da512b3f-6575-4a6d-9145-5d2fb89eba0f.pdf', 'TransIP'),
	(37, NULL, NULL, 0, 'http://pdfstream.manualsonline.com/f/f80ee38c-ac87-45d6-9d64-d680f817a366.pdf', 'f80ee38c-ac87-45d6-9d64-d680f817a366.pdf', 'TransIP'),
	(38, NULL, NULL, 0, 'http://pdfstream.manualsonline.com/e/ef1754b4-3bb1-4efc-a7e2-94ceb6acb38d.pdf', 'ef1754b4-3bb1-4efc-a7e2-94ceb6acb38d.pdf', 'TransIP'),
	(39, NULL, NULL, 0, 'http://pdfstream.manualsonline.com/9/94db4fc5-47ab-4877-9041-218226ad4e40.pdf', '94db4fc5-47ab-4877-9041-218226ad4e40.pdf', 'TransIP'),
	(40, NULL, NULL, 0, 'http://pdfstream.manualsonline.com/2/2cfe23a9-1af2-4f69-bafe-4524cdd2b13f.pdf', '2cfe23a9-1af2-4f69-bafe-4524cdd2b13f.pdf', 'TransIP'),
	(41, NULL, NULL, 0, 'http://pdfstream.manualsonline.com/0/03e4db5b-0b6f-40d6-8352-4074d3154ed3.pdf', '03e4db5b-0b6f-40d6-8352-4074d3154ed3.pdf', 'TransIP'),
	(42, NULL, NULL, 0, 'http://pdfstream.manualsonline.com/9/9d627a7e-69ad-40f0-af4c-1b98e1e1916b.pdf', '9d627a7e-69ad-40f0-af4c-1b98e1e1916b.pdf', 'TransIP'),
	(43, NULL, NULL, 2620939, 'http://pdfstream.manualsonline.com/b/b651d448-b796-49da-9b5b-60cf7834da2b.pdf', 'b651d448-b796-49da-9b5b-60cf7834da2b.pdf', 'TransIP'),
	(44, NULL, NULL, 2170580, 'http://pdfstream.manualsonline.com/d/d04e3116-dfdb-4108-b183-f59c445363a7.pdf', 'd04e3116-dfdb-4108-b183-f59c445363a7.pdf', 'TransIP'),
	(45, NULL, NULL, 5209355, 'http://pdfstream.manualsonline.com/c/cc1551f1-a353-46f4-9ec0-f01a82ffa57c.pdf', 'cc1551f1-a353-46f4-9ec0-f01a82ffa57c.pdf', 'TransIP'),
	(46, NULL, NULL, 10590350, 'http://pdfstream.manualsonline.com/a/ae76c328-83bc-4814-be8e-b1f91a1ce7da.pdf', 'ae76c328-83bc-4814-be8e-b1f91a1ce7da.pdf', 'TransIP'),
	(47, NULL, NULL, 1225001, 'http://pdfstream.manualsonline.com/f/f41a64cd-8ee9-4004-a82c-d19d64788218.pdf', 'f41a64cd-8ee9-4004-a82c-d19d64788218.pdf', 'TransIP'),
	(48, NULL, NULL, 2972535, 'http://pdfstream.manualsonline.com/b/bc2ed27a-4e49-46df-9461-615372e49039.pdf', 'bc2ed27a-4e49-46df-9461-615372e49039.pdf', 'TransIP'),
	(49, NULL, NULL, 2557274, 'http://pdfstream.manualsonline.com/7/7d55e301-12c7-40d8-b1fb-a1d39534d826.pdf', '7d55e301-12c7-40d8-b1fb-a1d39534d826.pdf', 'TransIP'),
	(50, NULL, NULL, 7229873, 'http://pdfstream.manualsonline.com/9/9a283031-bbc3-452b-9215-c16d0f82c2e0.pdf', '9a283031-bbc3-452b-9215-c16d0f82c2e0.pdf', 'TransIP'),
	(51, NULL, NULL, 593445, 'http://pdfstream.manualsonline.com/1/15fc2bb8-f296-48da-b9c5-3eac9b6fbc94.pdf', '15fc2bb8-f296-48da-b9c5-3eac9b6fbc94.pdf', 'TransIP'),
	(52, NULL, NULL, 3715816, 'http://pdfstream.manualsonline.com/3/3e056144-a890-4223-a34f-a816c3669905.pdf', '3e056144-a890-4223-a34f-a816c3669905.pdf', 'TransIP'),
	(53, NULL, NULL, 1859292, 'http://pdfstream.manualsonline.com/d/d3e14269-38fc-4f43-a4ac-721a233e87f2.pdf', 'd3e14269-38fc-4f43-a4ac-721a233e87f2.pdf', 'TransIP'),
	(54, NULL, NULL, 1041982, 'http://pdfstream.manualsonline.com/e/ec2196e3-a7b4-4539-86ba-6121fd1a17ac.pdf', 'ec2196e3-a7b4-4539-86ba-6121fd1a17ac.pdf', 'TransIP'),
	(55, NULL, NULL, 5917988, 'http://pdfstream.manualsonline.com/0/03486c7e-4112-4ca4-8f8a-b738f05c256a.pdf', '03486c7e-4112-4ca4-8f8a-b738f05c256a.pdf', 'TransIP'),
	(56, NULL, NULL, 2854589, 'http://pdfstream.manualsonline.com/9/9343ae03-6085-4cb0-a005-72a197a2a730.pdf', '9343ae03-6085-4cb0-a005-72a197a2a730.pdf', 'TransIP'),
	(57, NULL, NULL, 2695127, 'http://pdfstream.manualsonline.com/2/2f5b5959-5011-4ade-843d-398bfb675521.pdf', '2f5b5959-5011-4ade-843d-398bfb675521.pdf', 'TransIP'),
	(58, NULL, NULL, 1585736, 'http://pdfstream.manualsonline.com/a/a73d7e56-4f10-4fbd-af3a-e3f75b0270f7.pdf', 'a73d7e56-4f10-4fbd-af3a-e3f75b0270f7.pdf', 'TransIP'),
	(59, NULL, NULL, 2464062, 'http://pdfstream.manualsonline.com/3/38e58961-715b-4d19-9846-8f54707f09f6.pdf', '38e58961-715b-4d19-9846-8f54707f09f6.pdf', 'TransIP'),
	(60, NULL, NULL, 871653, 'http://pdfstream.manualsonline.com/6/600e787c-0ff3-4016-af90-39108ba462f3.pdf', '600e787c-0ff3-4016-af90-39108ba462f3.pdf', 'TransIP'),
	(61, NULL, NULL, 9231080, 'http://pdfstream.manualsonline.com/6/6c45af61-f0fc-4454-bb31-582cc0e3fb90.pdf', '6c45af61-f0fc-4454-bb31-582cc0e3fb90.pdf', 'TransIP'),
	(62, NULL, NULL, 449677, 'http://pdfstream.manualsonline.com/3/31f206bd-a033-4979-94e4-60dea9376deb.pdf', '31f206bd-a033-4979-94e4-60dea9376deb.pdf', 'TransIP'),
	(63, NULL, NULL, 13782197, 'http://pdfstream.manualsonline.com/3/39bf9f14-7ef6-4437-b55b-e96e09070f82.pdf', '39bf9f14-7ef6-4437-b55b-e96e09070f82.pdf', 'TransIP'),
	(64, NULL, NULL, 15949137, 'http://pdfstream.manualsonline.com/3/35a5f038-010e-44e6-9d6c-b960ed82825d.pdf', '35a5f038-010e-44e6-9d6c-b960ed82825d.pdf', 'TransIP'),
	(65, NULL, NULL, 4131332, 'http://pdfstream.manualsonline.com/3/3ccd1749-8be4-4329-92d6-f992705453a4.pdf', '3ccd1749-8be4-4329-92d6-f992705453a4.pdf', 'TransIP'),
	(66, NULL, NULL, 1694054, 'http://pdfstream.manualsonline.com/0/086ae596-b957-4a11-a7e2-92dc454caf3c.pdf', '086ae596-b957-4a11-a7e2-92dc454caf3c.pdf', 'TransIP'),
	(67, NULL, NULL, 2167500, 'http://pdfstream.manualsonline.com/8/89406eed-226f-4992-a40d-f2d9fc977366.pdf', '89406eed-226f-4992-a40d-f2d9fc977366.pdf', 'TransIP'),
	(68, NULL, NULL, 1818640, 'http://pdfstream.manualsonline.com/e/e3556fbb-940d-462d-99de-0c05ddcf063c.pdf', 'e3556fbb-940d-462d-99de-0c05ddcf063c.pdf', 'TransIP'),
	(69, NULL, NULL, 2941450, 'http://pdfstream.manualsonline.com/5/550377f0-352d-4eb6-ab86-2c3cd31c0482.pdf', '550377f0-352d-4eb6-ab86-2c3cd31c0482.pdf', 'TransIP'),
	(70, NULL, NULL, 2983381, 'http://pdfstream.manualsonline.com/7/71d4ec94-08e3-42cc-9e7c-2e8d33634871.pdf', '71d4ec94-08e3-42cc-9e7c-2e8d33634871.pdf', 'TransIP'),
	(71, NULL, NULL, 7333448, 'http://pdfstream.manualsonline.com/6/63808c2c-d514-413f-95dc-8a95487e8531.pdf', '63808c2c-d514-413f-95dc-8a95487e8531.pdf', 'TransIP'),
	(72, NULL, NULL, 12908234, 'http://pdfstream.manualsonline.com/a/a6f62115-d8c0-46e4-8a8e-884fea877582.pdf', 'a6f62115-d8c0-46e4-8a8e-884fea877582.pdf', 'TransIP'),
	(73, NULL, NULL, 12428260, 'http://pdfstream.manualsonline.com/f/f372f607-f72e-4174-b0d0-88fc9e346137.pdf', 'f372f607-f72e-4174-b0d0-88fc9e346137.pdf', 'TransIP'),
	(74, NULL, NULL, 15910252, 'http://pdfstream.manualsonline.com/a/aaeba5e0-3ccb-40e1-9bb1-06a9b403b8db.pdf', 'aaeba5e0-3ccb-40e1-9bb1-06a9b403b8db.pdf', 'TransIP'),
	(75, NULL, NULL, 6497888, 'http://pdfstream.manualsonline.com/1/14dce918-3537-42e1-9f36-8ee17d2e2f6f.pdf', '14dce918-3537-42e1-9f36-8ee17d2e2f6f.pdf', 'TransIP'),
	(76, NULL, NULL, 14885481, 'http://pdfstream.manualsonline.com/6/6940dfad-1766-4bf4-ad21-62991029c38c.pdf', '6940dfad-1766-4bf4-ad21-62991029c38c.pdf', 'TransIP'),
	(77, NULL, NULL, 15352464, 'http://pdfstream.manualsonline.com/c/c23be568-6f9a-4aa7-9c62-987438a9a6c0.pdf', 'c23be568-6f9a-4aa7-9c62-987438a9a6c0.pdf', 'TransIP'),
	(78, NULL, NULL, 1699302, 'http://pdfstream.manualsonline.com/9/9a647875-2bd1-4e1a-beec-d88fb29c9cae.pdf', '9a647875-2bd1-4e1a-beec-d88fb29c9cae.pdf', 'TransIP'),
	(79, NULL, NULL, 3202308, 'http://pdfstream.manualsonline.com/6/69a86d2e-bc34-4d46-a6df-07b21ea45115.pdf', '69a86d2e-bc34-4d46-a6df-07b21ea45115.pdf', 'TransIP'),
	(80, NULL, NULL, 15700592, 'http://pdfstream.manualsonline.com/8/8801dea4-ccae-46da-b1bd-1e220a08904b.pdf', '8801dea4-ccae-46da-b1bd-1e220a08904b.pdf', 'TransIP'),
	(81, NULL, NULL, 60528, 'http://pdfstream.manualsonline.com/2/227ed048-e1cd-4d4a-9e6a-730ef128e8dd.pdf', '227ed048-e1cd-4d4a-9e6a-730ef128e8dd.pdf', 'TransIP'),
	(82, NULL, NULL, 10380487, 'http://pdfstream.manualsonline.com/8/803f4050-98d4-43fa-83cf-08444221261f.pdf', '803f4050-98d4-43fa-83cf-08444221261f.pdf', 'TransIP'),
	(83, NULL, NULL, 1269388, 'http://pdfstream.manualsonline.com/9/993929c4-a1b1-4fd1-9f4a-bbf89b4248a0.pdf', '993929c4-a1b1-4fd1-9f4a-bbf89b4248a0.pdf', 'TransIP'),
	(84, NULL, NULL, 6225849, 'http://pdfstream.manualsonline.com/9/9f5cf24c-a7fe-4723-8786-75b1691a6dcd.pdf', '9f5cf24c-a7fe-4723-8786-75b1691a6dcd.pdf', 'TransIP'),
	(85, NULL, NULL, 2697749, 'http://pdfstream.manualsonline.com/b/b91b94cf-aa18-4f1a-8e76-fecc16f413ea.pdf', 'b91b94cf-aa18-4f1a-8e76-fecc16f413ea.pdf', 'TransIP'),
	(86, NULL, NULL, 3588384, 'http://pdfstream.manualsonline.com/6/67f7e28c-8fb9-4f89-8318-eb7f9418eab2.pdf', '67f7e28c-8fb9-4f89-8318-eb7f9418eab2.pdf', 'TransIP'),
	(87, NULL, NULL, 1426778, 'http://pdfstream.manualsonline.com/1/1c193f0d-4404-4098-a112-f2f8ad72a27a.pdf', '1c193f0d-4404-4098-a112-f2f8ad72a27a.pdf', 'TransIP'),
	(88, NULL, NULL, 6050496, 'http://pdfstream.manualsonline.com/2/26fa4862-dc22-401a-927c-a95c73d8fdf6.pdf', '26fa4862-dc22-401a-927c-a95c73d8fdf6.pdf', 'TransIP'),
	(89, NULL, NULL, 4487209, 'http://pdfstream.manualsonline.com/c/cff366c8-5442-4efc-b99d-693d55f1b4e2.pdf', 'cff366c8-5442-4efc-b99d-693d55f1b4e2.pdf', 'TransIP'),
	(90, NULL, NULL, 4539511, 'http://pdfstream.manualsonline.com/a/a25b68d4-23e7-4d78-b73f-5969f1e3c9c7.pdf', 'a25b68d4-23e7-4d78-b73f-5969f1e3c9c7.pdf', 'TransIP'),
	(91, NULL, NULL, 2836706, 'http://pdfstream.manualsonline.com/8/8a8ffec3-c750-4771-9a08-83525dba897e.pdf', '8a8ffec3-c750-4771-9a08-83525dba897e.pdf', 'TransIP'),
	(92, NULL, NULL, 768961, 'http://pdfstream.manualsonline.com/f/f3db6f2a-b2d1-4039-a935-ddc0bc399f23.pdf', 'f3db6f2a-b2d1-4039-a935-ddc0bc399f23.pdf', 'TransIP'),
	(93, NULL, NULL, 2112663, 'http://pdfstream.manualsonline.com/a/a35dfaf0-1dd6-42aa-b569-b1c79a40529d.pdf', 'a35dfaf0-1dd6-42aa-b569-b1c79a40529d.pdf', 'TransIP'),
	(94, NULL, NULL, 406968, 'http://pdfstream.manualsonline.com/5/5760176e-f433-4126-9913-4401f8d92c30.pdf', '5760176e-f433-4126-9913-4401f8d92c30.pdf', 'TransIP'),
	(95, NULL, NULL, 347742, 'http://pdfstream.manualsonline.com/e/eeb88a40-36f4-4669-a4da-335e81769642.pdf', 'eeb88a40-36f4-4669-a4da-335e81769642.pdf', 'TransIP'),
	(96, NULL, NULL, 401006, 'http://pdfstream.manualsonline.com/d/d70e9926-5fb9-4641-b0a4-0fb071f0ace6.pdf', 'd70e9926-5fb9-4641-b0a4-0fb071f0ace6.pdf', 'TransIP'),
	(97, NULL, NULL, 1531478, 'http://pdfstream.manualsonline.com/4/4165b5b1-45f0-497e-9458-11ec69489b14.pdf', '4165b5b1-45f0-497e-9458-11ec69489b14.pdf', 'TransIP'),
	(98, NULL, NULL, 8379102, 'http://pdfstream.manualsonline.com/3/33952f5d-accb-49ba-96cf-d714b592a320.pdf', '33952f5d-accb-49ba-96cf-d714b592a320.pdf', 'TransIP'),
	(99, NULL, NULL, 2124621, 'http://pdfstream.manualsonline.com/3/3133f1cc-7207-4cd0-90a6-9428b7419c5a.pdf', '3133f1cc-7207-4cd0-90a6-9428b7419c5a.pdf', 'TransIP'),
	(100, NULL, NULL, 2528188, 'http://pdfstream.manualsonline.com/d/d5eec3a1-0bc5-4e5d-aead-98ea82a656e4.pdf', 'd5eec3a1-0bc5-4e5d-aead-98ea82a656e4.pdf', 'TransIP');
/*!40000 ALTER TABLE `manuals` ENABLE KEYS */;

-- Dumpen data van tabel steros.types: ~152 rows (ongeveer)
/*!40000 ALTER TABLE `types` DISABLE KEYS */;
TRUNCATE TABLE `types`;
INSERT INTO `types` (`id`, `created_at`, `updated_at`, `name`, `brand_id`) VALUES
	(1, NULL, NULL, '9H.L8PLB.QPA', 1),
	(2, NULL, NULL, 'DEZL560LMT', 2),
	(3, NULL, NULL, '135', 3),
	(4, NULL, NULL, '100', 3),
	(5, NULL, NULL, 'HRS3025', 4),
	(6, NULL, NULL, '998c SI', 5),
	(7, NULL, NULL, '958c DI', 5),
	(8, NULL, NULL, '898c SI', 5),
	(9, NULL, NULL, '958c', 5),
	(10, NULL, NULL, '858c', 5),
	(11, NULL, NULL, '858c DI', 5),
	(12, NULL, NULL, 'GBGPS201', 6),
	(13, NULL, NULL, 'k301', 7),
	(14, NULL, NULL, '67015', 8),
	(15, NULL, NULL, 'T10877', 9),
	(16, NULL, NULL, 'MFDBB', 10),
	(17, NULL, NULL, '3500F', 10),
	(18, NULL, NULL, 'GP-3500', 10),
	(19, NULL, NULL, 'GD-3300', 10),
	(20, NULL, NULL, 'GP-3000', 10),
	(21, NULL, NULL, 'GP-500', 10),
	(22, NULL, NULL, 'Dirty Robot', 11),
	(23, NULL, NULL, 'Whammy Ricochet', 11),
	(24, NULL, NULL, 'Ventura Vibe', 11),
	(25, NULL, NULL, 'Obscura Altered Delay', 11),
	(26, NULL, NULL, 'JamMan Express XT', 11),
	(27, NULL, NULL, 'RP360', 11),
	(28, NULL, NULL, 'RP360XP', 11),
	(29, NULL, NULL, 'Element', 11),
	(30, NULL, NULL, 'Element XP', 11),
	(31, NULL, NULL, 'Supernatural Ambient Verb', 11),
	(32, NULL, NULL, 'Bass Whammy', 11),
	(33, NULL, NULL, 'Live Harmony', 11),
	(34, NULL, NULL, 'PSR-E253', 12),
	(35, NULL, NULL, 'MGP-24X', 12),
	(36, NULL, NULL, 'MGP-32X', 12),
	(37, NULL, NULL, 'MG16', 12),
	(38, NULL, NULL, 'MG16XU', 12),
	(39, NULL, NULL, 'MG12XU', 12),
	(40, NULL, NULL, 'MG20', 12),
	(41, NULL, NULL, 'MG20XU', 12),
	(42, NULL, NULL, 'XP150', 13),
	(43, NULL, NULL, 'JRX218S', 14),
	(44, NULL, NULL, 'CDI1000', 15),
	(45, NULL, NULL, 'CDI2000', 15),
	(46, NULL, NULL, 'LSR310S', 14),
	(47, NULL, NULL, 'LSR305', 14),
	(48, NULL, NULL, 'LSR308', 14),
	(49, NULL, NULL, 'XT10-04', 16),
	(50, NULL, NULL, 'MUD100.4', 16),
	(51, NULL, NULL, 'MUSICA502W', 17),
	(52, NULL, NULL, 'MUSICA602W', 17),
	(53, NULL, NULL, 'm530aw', 17),
	(54, NULL, NULL, 'm430aw', 17),
	(55, NULL, NULL, 'AW52', 16),
	(56, NULL, NULL, 'AW82', 16),
	(57, NULL, NULL, 'mud1002', 16),
	(58, NULL, NULL, 'MUD50.2', 16),
	(59, NULL, NULL, '21A6276', 18),
	(60, NULL, NULL, 'E2260SWDA', 19),
	(61, NULL, NULL, 'U2879VF', 19),
	(62, NULL, NULL, 'A392G', 20),
	(63, NULL, NULL, 'H868C', 21),
	(64, NULL, NULL, 'Z222', 22),
	(65, NULL, NULL, 'Defy XT', 23),
	(66, NULL, NULL, '875T', 20),
	(67, NULL, NULL, 'P120EWW', 24),
	(68, NULL, NULL, 'Pillar M615', 21),
	(69, NULL, NULL, 'LN510', 25),
	(70, NULL, NULL, 'S390G', 26),
	(71, NULL, NULL, 'SGH-S150G', 26),
	(72, NULL, NULL, 'I827', 26),
	(73, NULL, NULL, '1289-7631', 27),
	(74, NULL, NULL, '1289-7629', 27),
	(75, NULL, NULL, '1289-7632', 27),
	(76, NULL, NULL, '1289-4201', 27),
	(77, NULL, NULL, '1289-3481', 27),
	(78, NULL, NULL, '1289-4874', 27),
	(79, NULL, NULL, '1290-0538', 27),
	(80, NULL, NULL, 'P9050', 28),
	(81, NULL, NULL, 'CMP-20', 29),
	(82, NULL, NULL, 'M5316', 30),
	(83, NULL, NULL, '25202RE3', 31),
	(84, NULL, NULL, 'TL86009', 32),
	(85, NULL, NULL, 'DS6151', 32),
	(86, NULL, NULL, 'CL80100', 32),
	(87, NULL, NULL, 'CL84100', 32),
	(88, NULL, NULL, 'D17882', 33),
	(89, NULL, NULL, 'D17882T', 33),
	(90, NULL, NULL, 'DS6151DS6101', 32),
	(91, NULL, NULL, 'DS6101', 32),
	(92, NULL, NULL, 'D3288-2', 33),
	(93, NULL, NULL, 'CL80101', 34),
	(94, NULL, NULL, 'CL80111', 34),
	(95, NULL, NULL, 'CL81201', 34),
	(96, NULL, NULL, 'CL83201', 34),
	(97, NULL, NULL, 'EL52303', 34),
	(98, NULL, NULL, 'CRL81212', 34),
	(99, NULL, NULL, 'MS2025', 34),
	(100, NULL, NULL, 'CS6829', 32),
	(101, NULL, NULL, 'CS6649', 32),
	(102, NULL, NULL, 'MRW68ED1181', 27),
	(103, NULL, NULL, 'THQL1115AFP2', 35),
	(104, NULL, NULL, 'THQL1120AFP2', 35),
	(105, NULL, NULL, 'THQL1140', 35),
	(106, NULL, NULL, 'THQL1150', 35),
	(107, NULL, NULL, 'L505-S5990', 36),
	(108, NULL, NULL, 'S855-S5254', 36),
	(109, NULL, NULL, 'QX410-S02', 26),
	(110, NULL, NULL, 'M14x', 37),
	(111, NULL, NULL, 'X15Z-10417ELS', 37),
	(112, NULL, NULL, 'SPFC-T901-DGFX-1', 38),
	(113, NULL, NULL, '03193SU', 39),
	(114, NULL, NULL, '0679-AJU', 39),
	(115, NULL, NULL, '09143NU', 39),
	(116, NULL, NULL, '09143YU', 39),
	(117, NULL, NULL, '09144DU', 39),
	(118, NULL, NULL, '067999U', 39),
	(119, NULL, NULL, '0679ALU', 39),
	(120, NULL, NULL, 'MC238LL/A', 40),
	(121, NULL, NULL, 'MC270LL/A', 40),
	(122, NULL, NULL, '528007', 41),
	(123, NULL, NULL, 'TSN-82SV', 42),
	(124, NULL, NULL, '528062', 41),
	(125, NULL, NULL, '528063', 41),
	(126, NULL, NULL, '528064', 41),
	(127, NULL, NULL, '528065', 41),
	(128, NULL, NULL, '1787882', 41),
	(129, NULL, NULL, '1787884', 41),
	(130, NULL, NULL, '1787885', 41),
	(131, NULL, NULL, '1787881', 41),
	(132, NULL, NULL, '1787879', 41),
	(133, NULL, NULL, '1787878', 41),
	(134, NULL, NULL, '1787880', 41),
	(135, NULL, NULL, 'TSN-601', 42),
	(136, NULL, NULL, 'TSN-602', 42),
	(137, NULL, NULL, 'TSN-661', 42),
	(138, NULL, NULL, 'TSN-662', 42),
	(139, NULL, NULL, '524516', 41),
	(140, NULL, NULL, '524518', 41),
	(141, NULL, NULL, '525620', 41),
	(142, NULL, NULL, 'VSX-51', 43),
	(143, NULL, NULL, 'VSX-50', 43),
	(144, NULL, NULL, 'THR100H', 12),
	(145, NULL, NULL, 'THR100H Dual', 12),
	(146, NULL, NULL, 'THR100HD', 12),
	(147, NULL, NULL, 'HS8', 12),
	(148, NULL, NULL, 'HS7', 12),
	(149, NULL, NULL, 'HS5', 12),
	(150, NULL, NULL, 'HS8S', 12),
	(151, NULL, NULL, 'HS7W', 12),
	(152, NULL, NULL, 'HS8W', 12);
/*!40000 ALTER TABLE `types` ENABLE KEYS */;

-- Dumpen data van tabel steros.manual_type: ~153 rows (ongeveer)
/*!40000 ALTER TABLE `manual_type` DISABLE KEYS */;
TRUNCATE TABLE `manual_type`;
INSERT INTO `manual_type` (`manual_id`, `type_id`, `created_at`, `updated_at`) VALUES
	(1, 1, NULL, NULL),
	(2, 2, NULL, NULL),
	(3, 3, NULL, NULL),
	(4, 4, NULL, NULL),
	(5, 5, NULL, NULL),
	(6, 6, NULL, NULL),
	(6, 7, NULL, NULL),
	(6, 8, NULL, NULL),
	(6, 9, NULL, NULL),
	(6, 10, NULL, NULL),
	(6, 11, NULL, NULL),
	(7, 12, NULL, NULL),
	(8, 13, NULL, NULL),
	(9, 14, NULL, NULL),
	(10, 15, NULL, NULL),
	(11, 16, NULL, NULL),
	(12, 17, NULL, NULL),
	(12, 18, NULL, NULL),
	(13, 19, NULL, NULL),
	(13, 20, NULL, NULL),
	(14, 21, NULL, NULL),
	(15, 22, NULL, NULL),
	(16, 23, NULL, NULL),
	(17, 24, NULL, NULL),
	(18, 25, NULL, NULL),
	(19, 26, NULL, NULL),
	(20, 27, NULL, NULL),
	(20, 28, NULL, NULL),
	(21, 29, NULL, NULL),
	(22, 30, NULL, NULL),
	(23, 31, NULL, NULL),
	(24, 32, NULL, NULL),
	(25, 33, NULL, NULL),
	(26, 34, NULL, NULL),
	(27, 35, NULL, NULL),
	(27, 36, NULL, NULL),
	(28, 37, NULL, NULL),
	(28, 38, NULL, NULL),
	(29, 39, NULL, NULL),
	(30, 40, NULL, NULL),
	(30, 41, NULL, NULL),
	(31, 42, NULL, NULL),
	(32, 43, NULL, NULL),
	(33, 44, NULL, NULL),
	(33, 45, NULL, NULL),
	(34, 46, NULL, NULL),
	(34, 47, NULL, NULL),
	(34, 48, NULL, NULL),
	(35, 49, NULL, NULL),
	(36, 50, NULL, NULL),
	(37, 51, NULL, NULL),
	(37, 52, NULL, NULL),
	(38, 53, NULL, NULL),
	(38, 54, NULL, NULL),
	(39, 55, NULL, NULL),
	(39, 56, NULL, NULL),
	(40, 57, NULL, NULL),
	(41, 58, NULL, NULL),
	(42, 59, NULL, NULL),
	(43, 60, NULL, NULL),
	(44, 61, NULL, NULL),
	(45, 62, NULL, NULL),
	(46, 63, NULL, NULL),
	(47, 64, NULL, NULL),
	(48, 65, NULL, NULL),
	(49, 66, NULL, NULL),
	(50, 67, NULL, NULL),
	(51, 68, NULL, NULL),
	(52, 69, NULL, NULL),
	(53, 70, NULL, NULL),
	(54, 71, NULL, NULL),
	(55, 72, NULL, NULL),
	(56, 73, NULL, NULL),
	(56, 74, NULL, NULL),
	(56, 75, NULL, NULL),
	(57, 76, NULL, NULL),
	(57, 77, NULL, NULL),
	(58, 78, NULL, NULL),
	(58, 79, NULL, NULL),
	(59, 80, NULL, NULL),
	(60, 81, NULL, NULL),
	(61, 82, NULL, NULL),
	(62, 83, NULL, NULL),
	(63, 84, NULL, NULL),
	(64, 85, NULL, NULL),
	(65, 86, NULL, NULL),
	(65, 87, NULL, NULL),
	(66, 88, NULL, NULL),
	(66, 89, NULL, NULL),
	(67, 90, NULL, NULL),
	(67, 91, NULL, NULL),
	(68, 92, NULL, NULL),
	(69, 93, NULL, NULL),
	(70, 94, NULL, NULL),
	(71, 95, NULL, NULL),
	(72, 96, NULL, NULL),
	(73, 97, NULL, NULL),
	(74, 98, NULL, NULL),
	(75, 99, NULL, NULL),
	(76, 100, NULL, NULL),
	(77, 101, NULL, NULL),
	(78, 102, NULL, NULL),
	(79, 103, NULL, NULL),
	(79, 104, NULL, NULL),
	(79, 105, NULL, NULL),
	(79, 106, NULL, NULL),
	(80, 107, NULL, NULL),
	(81, 108, NULL, NULL),
	(82, 109, NULL, NULL),
	(83, 110, NULL, NULL),
	(84, 111, NULL, NULL),
	(85, 112, NULL, NULL),
	(86, 113, NULL, NULL),
	(87, 114, NULL, NULL),
	(88, 115, NULL, NULL),
	(88, 116, NULL, NULL),
	(88, 117, NULL, NULL),
	(89, 118, NULL, NULL),
	(89, 119, NULL, NULL),
	(90, 120, NULL, NULL),
	(91, 121, NULL, NULL),
	(92, 122, NULL, NULL),
	(93, 123, NULL, NULL),
	(94, 124, NULL, NULL),
	(94, 125, NULL, NULL),
	(94, 126, NULL, NULL),
	(94, 127, NULL, NULL),
	(94, 128, NULL, NULL),
	(94, 129, NULL, NULL),
	(94, 130, NULL, NULL),
	(94, 131, NULL, NULL),
	(94, 132, NULL, NULL),
	(94, 133, NULL, NULL),
	(94, 134, NULL, NULL),
	(95, 135, NULL, NULL),
	(95, 136, NULL, NULL),
	(96, 137, NULL, NULL),
	(96, 138, NULL, NULL),
	(97, 139, NULL, NULL),
	(97, 140, NULL, NULL),
	(97, 141, NULL, NULL),
	(98, 142, NULL, NULL),
	(98, 143, NULL, NULL),
	(99, 144, NULL, NULL),
	(99, 145, NULL, NULL),
	(99, 146, NULL, NULL),
	(100, 147, NULL, NULL),
	(100, 148, NULL, NULL),
	(100, 149, NULL, NULL),
	(100, 150, NULL, NULL),
	(100, 151, NULL, NULL),
	(100, 152, NULL, NULL);
/*!40000 ALTER TABLE `manual_type` ENABLE KEYS */;

-- Dumpen data van tabel steros.product_categories: ~481 rows (ongeveer)
/*!40000 ALTER TABLE `product_categories` DISABLE KEYS */;
TRUNCATE TABLE `product_categories`;
INSERT INTO `product_categories` (`id`, `created_at`, `updated_at`, `name`) VALUES
	(1, NULL, NULL, 'Computer Monitor'),
	(2, NULL, NULL, 'GPS Receiver'),
	(3, NULL, NULL, 'Automobile Accessories'),
	(4, NULL, NULL, 'Automobile Parts'),
	(5, NULL, NULL, 'Musical Toy Instrument'),
	(6, NULL, NULL, 'Car Speaker'),
	(7, NULL, NULL, 'Car Amplifier'),
	(8, NULL, NULL, 'Car Video System'),
	(9, NULL, NULL, 'Cell Phone'),
	(10, NULL, NULL, 'Telephone'),
	(11, NULL, NULL, 'Conference Phone'),
	(12, NULL, NULL, 'Cordless Telephone'),
	(13, NULL, NULL, 'Computer Hardware'),
	(14, NULL, NULL, 'Network Hardware'),
	(15, NULL, NULL, 'Laptop'),
	(16, NULL, NULL, 'Personal Computer'),
	(17, NULL, NULL, 'Binoculars'),
	(18, NULL, NULL, 'Stereo Receiver'),
	(19, NULL, NULL, 'Stereo Amplifier'),
	(20, NULL, NULL, 'Speaker'),
	(21, NULL, NULL, 'Stereo System'),
	(22, NULL, NULL, 'Home Safety Product'),
	(23, NULL, NULL, 'Plumbing Product'),
	(24, NULL, NULL, 'Refrigerator'),
	(25, NULL, NULL, 'Iron'),
	(26, NULL, NULL, 'Clothes Dryer'),
	(27, NULL, NULL, 'Washer'),
	(28, NULL, NULL, 'Washer/Dryer'),
	(29, NULL, NULL, 'Landscape Lighting'),
	(30, NULL, NULL, 'Life Jacket'),
	(31, NULL, NULL, 'Boat'),
	(32, NULL, NULL, 'Scuba Diving Equipment'),
	(33, NULL, NULL, 'Recording Equipment'),
	(34, NULL, NULL, 'Music Mixer'),
	(35, NULL, NULL, 'Microphone'),
	(36, NULL, NULL, 'Musical Instrument Amplifier'),
	(37, NULL, NULL, 'Gas Grill'),
	(38, NULL, NULL, 'Electric Grill'),
	(39, NULL, NULL, 'Electric Shaver'),
	(40, NULL, NULL, 'Electric Toothbrush'),
	(41, NULL, NULL, 'Hair Dryer'),
	(42, NULL, NULL, 'Blood Pressure Monitor'),
	(43, NULL, NULL, 'Thermometer'),
	(44, NULL, NULL, 'Blood Glucose Meter'),
	(45, NULL, NULL, 'Skin Care Product'),
	(46, NULL, NULL, 'Microscope & Magnifier'),
	(47, NULL, NULL, 'Medical Alarms'),
	(48, NULL, NULL, 'Bathroom Aids'),
	(49, NULL, NULL, 'Camcorder'),
	(50, NULL, NULL, 'Digital Camera'),
	(51, NULL, NULL, 'Camera Lens'),
	(52, NULL, NULL, 'Camera Accessories'),
	(53, NULL, NULL, 'Security Camera'),
	(54, NULL, NULL, 'Portable Speaker'),
	(55, NULL, NULL, 'MP3 Player'),
	(56, NULL, NULL, 'Portable Multimedia Player'),
	(57, NULL, NULL, 'Clock Radio'),
	(58, NULL, NULL, 'Drill'),
	(59, NULL, NULL, 'Power Hammer'),
	(60, NULL, NULL, 'Cordless Drill'),
	(61, NULL, NULL, 'Power Screwdriver'),
	(62, NULL, NULL, 'Flat Panel Television'),
	(63, NULL, NULL, 'Video Game Console'),
	(64, NULL, NULL, 'Video Games'),
	(65, NULL, NULL, 'Video Gaming Accessories'),
	(66, NULL, NULL, 'Video Game Controller'),
	(67, NULL, NULL, 'Handheld Game System'),
	(68, NULL, NULL, 'Video Game Headset'),
	(69, NULL, NULL, 'Air Conditioner'),
	(70, NULL, NULL, 'Lawn Mower'),
	(71, NULL, NULL, 'Freezer'),
	(72, NULL, NULL, 'All in One Printer'),
	(73, NULL, NULL, 'Projection Television'),
	(74, NULL, NULL, 'Car Stereo System'),
	(75, NULL, NULL, 'Car Seat'),
	(76, NULL, NULL, 'Radar Detector'),
	(77, NULL, NULL, 'Vacuum Cleaner'),
	(78, NULL, NULL, 'Answering Machine'),
	(79, NULL, NULL, 'Microwave Oven'),
	(80, NULL, NULL, 'Paper Shredder'),
	(81, NULL, NULL, 'Dishwasher'),
	(82, NULL, NULL, 'Bicycle'),
	(83, NULL, NULL, 'Trimmer'),
	(84, NULL, NULL, 'CRT Television'),
	(85, NULL, NULL, 'Indoor Furnishings'),
	(86, NULL, NULL, 'Boiler'),
	(87, NULL, NULL, 'Toaster'),
	(88, NULL, NULL, 'Water Heater'),
	(89, NULL, NULL, 'CD Player'),
	(90, NULL, NULL, 'Chainsaw'),
	(91, NULL, NULL, 'DVD Player'),
	(92, NULL, NULL, 'Cooktop'),
	(93, NULL, NULL, 'Sewing Machine'),
	(94, NULL, NULL, 'Printer'),
	(95, NULL, NULL, 'Thermostat'),
	(96, NULL, NULL, 'Air Compressor'),
	(97, NULL, NULL, 'Indoor Fireplace'),
	(98, NULL, NULL, 'Furnace'),
	(99, NULL, NULL, 'Digital Photo Frame'),
	(100, NULL, NULL, 'Exercise Bike'),
	(101, NULL, NULL, 'Automobile Alarm'),
	(102, NULL, NULL, 'Label Maker'),
	(103, NULL, NULL, 'Fan'),
	(104, NULL, NULL, 'Humidifier'),
	(105, NULL, NULL, 'Treadmill'),
	(106, NULL, NULL, 'Electronic Keyboard'),
	(107, NULL, NULL, 'Baby Gym'),
	(108, NULL, NULL, 'Electric Heater'),
	(109, NULL, NULL, 'Home Security System'),
	(110, NULL, NULL, 'Stroller'),
	(111, NULL, NULL, 'Oven'),
	(112, NULL, NULL, 'Garage Door Opener'),
	(113, NULL, NULL, 'Coffeemaker'),
	(114, NULL, NULL, 'DVD Recorder'),
	(115, NULL, NULL, 'Elliptical Trainer'),
	(116, NULL, NULL, 'Water Pump'),
	(117, NULL, NULL, 'Automobile'),
	(118, NULL, NULL, 'Remote Starter'),
	(119, NULL, NULL, 'DVR'),
	(120, NULL, NULL, 'Motorcycle'),
	(121, NULL, NULL, 'Automobile Electronics'),
	(122, NULL, NULL, 'Camper'),
	(123, NULL, NULL, 'Offroad Vehicle'),
	(124, NULL, NULL, 'Utility Trailer'),
	(125, NULL, NULL, 'Automobile Battery Charger'),
	(126, NULL, NULL, 'Baby Monitor'),
	(127, NULL, NULL, 'Battery Charger'),
	(128, NULL, NULL, 'Car Satellite Radio System'),
	(129, NULL, NULL, 'Cassette Player'),
	(130, NULL, NULL, 'Two-Way Radio'),
	(131, NULL, NULL, 'Door'),
	(132, NULL, NULL, 'DVD VCR Combo'),
	(133, NULL, NULL, 'Fax Machine'),
	(134, NULL, NULL, 'Fish Finder'),
	(135, NULL, NULL, 'Handheld TV'),
	(136, NULL, NULL, 'Headphones'),
	(137, NULL, NULL, 'Home Theater System'),
	(138, NULL, NULL, 'Kitchen Entertainment Center'),
	(139, NULL, NULL, 'Laptop Docking Station'),
	(140, NULL, NULL, 'Microcassette Recorder'),
	(141, NULL, NULL, 'Mouse'),
	(142, NULL, NULL, 'MP3 Docking Station'),
	(143, NULL, NULL, 'Network Cables'),
	(144, NULL, NULL, 'Network Card'),
	(145, NULL, NULL, 'Pacemaker'),
	(146, NULL, NULL, 'PDAs & Smartphones'),
	(147, NULL, NULL, 'Portable CD Player'),
	(148, NULL, NULL, 'Portable DVD Player'),
	(149, NULL, NULL, 'Portable Radio'),
	(150, NULL, NULL, 'Cell Phone Accessories'),
	(151, NULL, NULL, 'Portable Stereo System'),
	(152, NULL, NULL, 'Power Supply'),
	(153, NULL, NULL, 'Radio'),
	(154, NULL, NULL, 'Satellite Radio'),
	(155, NULL, NULL, 'Satellite TV System'),
	(156, NULL, NULL, 'Stereo Equalizer'),
	(157, NULL, NULL, 'Stud Sensor'),
	(158, NULL, NULL, 'Switch'),
	(159, NULL, NULL, 'TV Cables'),
	(160, NULL, NULL, 'TV DVD Combo'),
	(161, NULL, NULL, 'TV Mount'),
	(162, NULL, NULL, 'TV Receiver'),
	(163, NULL, NULL, 'TV Video Accessories'),
	(164, NULL, NULL, 'Carrying Case'),
	(165, NULL, NULL, 'Universal Remote'),
	(166, NULL, NULL, 'VCR'),
	(167, NULL, NULL, 'Mobility Aid'),
	(168, NULL, NULL, 'Model Vehicle'),
	(169, NULL, NULL, 'Paint Sprayer'),
	(170, NULL, NULL, 'Window'),
	(171, NULL, NULL, 'Home Gym'),
	(172, NULL, NULL, 'Motor Scooter'),
	(173, NULL, NULL, 'Motorcycle Accessories'),
	(174, NULL, NULL, 'Bread Maker'),
	(175, NULL, NULL, 'Barcode Reader'),
	(176, NULL, NULL, 'MP3 Player Accessories'),
	(177, NULL, NULL, 'Nail Gun'),
	(178, NULL, NULL, 'Air Cleaner'),
	(179, NULL, NULL, 'Bicycle Accessories'),
	(180, NULL, NULL, 'Binding Machine'),
	(181, NULL, NULL, 'Boating Equipment'),
	(182, NULL, NULL, 'Child Tracker'),
	(183, NULL, NULL, 'Chipper'),
	(184, NULL, NULL, 'Clock'),
	(185, NULL, NULL, 'Cyclometer'),
	(186, NULL, NULL, 'Electric Pet Fence'),
	(187, NULL, NULL, 'Fitness Electronics'),
	(188, NULL, NULL, 'Heart Rate Monitor'),
	(189, NULL, NULL, 'Hiking Equipment'),
	(190, NULL, NULL, 'Marine GPS System'),
	(191, NULL, NULL, 'Marine Instruments'),
	(192, NULL, NULL, 'Marine RADAR'),
	(193, NULL, NULL, 'Marine Radio'),
	(194, NULL, NULL, 'Marine Sanitation System'),
	(195, NULL, NULL, 'Modem'),
	(196, NULL, NULL, 'Music Pedal'),
	(197, NULL, NULL, 'Network Router'),
	(198, NULL, NULL, 'Pet Fence'),
	(199, NULL, NULL, 'Photo Printer'),
	(200, NULL, NULL, 'Power Roller'),
	(201, NULL, NULL, 'Projector'),
	(202, NULL, NULL, 'Range'),
	(203, NULL, NULL, 'Work Light'),
	(204, NULL, NULL, 'Scanner'),
	(205, NULL, NULL, 'SONAR'),
	(206, NULL, NULL, 'Speaker System'),
	(207, NULL, NULL, 'Wireless Office Headset'),
	(208, NULL, NULL, 'Watch'),
	(209, NULL, NULL, 'Whiteboard Accessories'),
	(210, NULL, NULL, 'Wheelchair'),
	(211, NULL, NULL, 'Welding System'),
	(212, NULL, NULL, 'Welder'),
	(213, NULL, NULL, 'Webcam'),
	(214, NULL, NULL, 'Water Dispenser'),
	(215, NULL, NULL, 'Weather Radio'),
	(216, NULL, NULL, 'Router'),
	(217, NULL, NULL, 'Bouncy Seat'),
	(218, NULL, NULL, 'Stove'),
	(219, NULL, NULL, 'Blender'),
	(220, NULL, NULL, 'Bluetooth Headset'),
	(221, NULL, NULL, 'Motorized Toy Car'),
	(222, NULL, NULL, 'Bike Rack'),
	(223, NULL, NULL, 'Outdoor Timer'),
	(224, NULL, NULL, 'Computer Drive'),
	(225, NULL, NULL, 'Laser Level'),
	(226, NULL, NULL, 'Planer'),
	(227, NULL, NULL, 'Video Game Sound System'),
	(228, NULL, NULL, 'Video Eyeware'),
	(229, NULL, NULL, 'Ventilation Hood'),
	(230, NULL, NULL, 'Baby Accessories'),
	(231, NULL, NULL, 'Typewriter'),
	(232, NULL, NULL, 'TV VCR Combo'),
	(233, NULL, NULL, 'TV Converter Box'),
	(234, NULL, NULL, 'TV Antenna'),
	(235, NULL, NULL, 'Turntable'),
	(236, NULL, NULL, 'Crib'),
	(237, NULL, NULL, 'Time Clock'),
	(238, NULL, NULL, 'Telephone Accessories'),
	(239, NULL, NULL, 'Tablet Accessory'),
	(240, NULL, NULL, 'Tablet'),
	(241, NULL, NULL, 'Table Top Game'),
	(242, NULL, NULL, 'Baby Toy'),
	(243, NULL, NULL, 'Surge Protector'),
	(244, NULL, NULL, 'Styling Iron'),
	(245, NULL, NULL, 'Smoke Alarm'),
	(246, NULL, NULL, 'Server'),
	(247, NULL, NULL, 'High Chair'),
	(248, NULL, NULL, 'Saw'),
	(249, NULL, NULL, 'Rice Cooker'),
	(250, NULL, NULL, 'Baby Swing'),
	(251, NULL, NULL, 'Radio Antenna'),
	(252, NULL, NULL, 'Projector Accessories'),
	(253, NULL, NULL, 'Baby Playpen'),
	(254, NULL, NULL, 'Baby Carrier'),
	(255, NULL, NULL, 'Printer Accessories'),
	(256, NULL, NULL, 'Pressure Washer'),
	(257, NULL, NULL, 'Baby Furniture'),
	(258, NULL, NULL, 'Baby Jumper'),
	(259, NULL, NULL, 'Baby Walker'),
	(260, NULL, NULL, 'Breast Pump'),
	(261, NULL, NULL, 'Building Set'),
	(262, NULL, NULL, 'Camera Flash'),
	(263, NULL, NULL, 'Camping Equipment'),
	(264, NULL, NULL, 'Crib Toy'),
	(265, NULL, NULL, 'Portable Media Storage'),
	(266, NULL, NULL, 'Portable Generator'),
	(267, NULL, NULL, 'Dollhouse'),
	(268, NULL, NULL, 'Double Oven'),
	(269, NULL, NULL, 'Drums'),
	(270, NULL, NULL, 'Fitness Equipment'),
	(271, NULL, NULL, 'Fondue Maker'),
	(272, NULL, NULL, 'Food Processor'),
	(273, NULL, NULL, 'Food Saver'),
	(274, NULL, NULL, 'Glue Gun'),
	(275, NULL, NULL, 'Grill Accessory'),
	(276, NULL, NULL, 'Heat Pump'),
	(277, NULL, NULL, 'Photo Scanner'),
	(278, NULL, NULL, 'Home Theater Screen'),
	(279, NULL, NULL, 'Home Theater Server'),
	(280, NULL, NULL, 'Hot Beverage Maker'),
	(281, NULL, NULL, 'Inflatable Bouncy Toy'),
	(282, NULL, NULL, 'Kitchen Utensil'),
	(283, NULL, NULL, 'Log Splitter'),
	(284, NULL, NULL, 'Marine Battery'),
	(285, NULL, NULL, 'Marine Heating System'),
	(286, NULL, NULL, 'Pedicure Spa'),
	(287, NULL, NULL, 'Patio Furniture'),
	(288, NULL, NULL, 'Marine Safety Devices'),
	(289, NULL, NULL, 'Oxygen Equipment'),
	(290, NULL, NULL, 'Outdoor Fireplace'),
	(291, NULL, NULL, 'Outdoor Ceiling Fan'),
	(292, NULL, NULL, 'Outboard Motor'),
	(293, NULL, NULL, 'Noise Reduction Machine'),
	(294, NULL, NULL, 'Mixer'),
	(295, NULL, NULL, 'Musical Instrument'),
	(296, NULL, NULL, 'Pasta Maker'),
	(297, NULL, NULL, 'Personal Lift'),
	(298, NULL, NULL, 'Pill Reminder Device'),
	(299, NULL, NULL, 'Safety Gate'),
	(300, NULL, NULL, 'Sander'),
	(301, NULL, NULL, 'Septic System'),
	(302, NULL, NULL, 'MiniDisc Player'),
	(303, NULL, NULL, 'Sleep Apnea Machine'),
	(304, NULL, NULL, 'Staple Gun'),
	(305, NULL, NULL, 'Swimming Pool Vacuum'),
	(306, NULL, NULL, 'Swing Sets'),
	(307, NULL, NULL, 'Toddler Furniture'),
	(308, NULL, NULL, 'Light Therapy Device'),
	(309, NULL, NULL, 'Lawn Mower Accessory'),
	(310, NULL, NULL, 'Lawn Aerator'),
	(311, NULL, NULL, 'Laser Pointer'),
	(312, NULL, NULL, 'Yard Vacuum'),
	(313, NULL, NULL, 'Blower'),
	(314, NULL, NULL, 'Backyard Playset'),
	(315, NULL, NULL, 'Karaoke Machine'),
	(316, NULL, NULL, 'Juicer'),
	(317, NULL, NULL, 'Card Game'),
	(318, NULL, NULL, 'Cordless Sander'),
	(319, NULL, NULL, 'Doll'),
	(320, NULL, NULL, 'IP Phone'),
	(321, NULL, NULL, 'Frozen Dessert Maker'),
	(322, NULL, NULL, 'Games'),
	(323, NULL, NULL, 'Intercom System'),
	(324, NULL, NULL, 'Hearing Aid'),
	(325, NULL, NULL, 'Mobility Scooter'),
	(326, NULL, NULL, 'Impact Driver'),
	(327, NULL, NULL, 'Musical Table'),
	(328, NULL, NULL, 'Outdoor Misting Fan'),
	(329, NULL, NULL, 'Riding Toy'),
	(330, NULL, NULL, 'Telescope'),
	(331, NULL, NULL, 'Tent'),
	(332, NULL, NULL, 'Video Game Furniture'),
	(333, NULL, NULL, 'Amplified Phone'),
	(334, NULL, NULL, 'Hair Clippers'),
	(335, NULL, NULL, 'Grinder'),
	(336, NULL, NULL, 'Appliance Trim Kit'),
	(337, NULL, NULL, 'Beverage Dispenser'),
	(338, NULL, NULL, 'Film Camera'),
	(339, NULL, NULL, 'Biscuit Joiner'),
	(340, NULL, NULL, 'Blu-ray Player'),
	(341, NULL, NULL, 'Electronic Accessory'),
	(342, NULL, NULL, 'Bottle Warmer'),
	(343, NULL, NULL, 'Electric Pressure Cooker'),
	(344, NULL, NULL, 'eBook Reader'),
	(345, NULL, NULL, 'Cable Box'),
	(346, NULL, NULL, 'Calculator'),
	(347, NULL, NULL, 'Caller ID Box'),
	(348, NULL, NULL, 'Car Satellite TV System'),
	(349, NULL, NULL, 'DJ Equipment'),
	(350, NULL, NULL, 'Carpet Cleaner'),
	(351, NULL, NULL, 'Cash Register'),
	(352, NULL, NULL, 'Credit Card Machine'),
	(353, NULL, NULL, 'Charcoal Grill'),
	(354, NULL, NULL, 'Cordless Saw'),
	(355, NULL, NULL, 'Corded Headset'),
	(356, NULL, NULL, 'Copier'),
	(357, NULL, NULL, 'Compact Loader'),
	(358, NULL, NULL, 'Cookware'),
	(359, NULL, NULL, 'Computer Accessories'),
	(360, NULL, NULL, 'Convection Oven'),
	(361, NULL, NULL, 'Computer Keyboard'),
	(362, NULL, NULL, 'Chainsaw Sharpener'),
	(363, NULL, NULL, 'Dehumidifier'),
	(364, NULL, NULL, 'Digital Photo Keychain'),
	(365, NULL, NULL, 'Electric Steamer'),
	(366, NULL, NULL, 'Espresso Maker'),
	(367, NULL, NULL, 'Food Warmer'),
	(368, NULL, NULL, 'Fryer'),
	(369, NULL, NULL, 'Camcorder Accessories'),
	(370, NULL, NULL, 'Griddle'),
	(371, NULL, NULL, 'Hair Care Product'),
	(372, NULL, NULL, 'Heat Gun'),
	(373, NULL, NULL, 'Home Care Product'),
	(374, NULL, NULL, 'Insect Control Equipment'),
	(375, NULL, NULL, 'Kitchen Grill'),
	(376, NULL, NULL, 'Laminate Trimmer'),
	(377, NULL, NULL, 'Marine Lighting'),
	(378, NULL, NULL, 'Outdoor Cart'),
	(379, NULL, NULL, 'Outdoor Storage'),
	(380, NULL, NULL, 'Oven Accessories'),
	(381, NULL, NULL, 'Pole Saw'),
	(382, NULL, NULL, 'Popcorn Poppers'),
	(383, NULL, NULL, 'Water System'),
	(384, NULL, NULL, 'Scale'),
	(385, NULL, NULL, 'Snow Blower'),
	(386, NULL, NULL, 'Sprinkler'),
	(387, NULL, NULL, 'Tool Storage'),
	(388, NULL, NULL, 'Ultrasonic Jewelry Cleaner'),
	(389, NULL, NULL, 'Waffle Iron'),
	(390, NULL, NULL, 'Wok'),
	(391, NULL, NULL, 'Stepper Machine'),
	(392, NULL, NULL, 'Compact Excavator'),
	(393, NULL, NULL, 'Gas Heater'),
	(394, NULL, NULL, 'Tiller'),
	(395, NULL, NULL, 'Robotics'),
	(396, NULL, NULL, 'Respiratory Product'),
	(397, NULL, NULL, 'Multi-tool'),
	(398, NULL, NULL, 'Metal Detector'),
	(399, NULL, NULL, 'Insulin Pen'),
	(400, NULL, NULL, 'Carbon Monoxide Alarm'),
	(401, NULL, NULL, 'Can Opener'),
	(402, NULL, NULL, 'Slow Cooker'),
	(403, NULL, NULL, 'Dust Collector'),
	(404, NULL, NULL, 'Meat Grinder'),
	(405, NULL, NULL, 'Graphics Tablet'),
	(406, NULL, NULL, 'Coffee Grinder'),
	(407, NULL, NULL, 'Outdoor Shower'),
	(408, NULL, NULL, 'Pager'),
	(409, NULL, NULL, 'Utility Vehicle'),
	(410, NULL, NULL, 'Snowshoes'),
	(411, NULL, NULL, 'Ice Maker'),
	(412, NULL, NULL, 'Video Game Keyboard'),
	(413, NULL, NULL, 'Washer Accessories'),
	(414, NULL, NULL, 'Welding Consumables'),
	(415, NULL, NULL, 'Hunting Equipment'),
	(416, NULL, NULL, 'Caulking Gun'),
	(417, NULL, NULL, 'Postal Equipment'),
	(418, NULL, NULL, 'Tortilla Maker'),
	(419, NULL, NULL, 'Dryer Accessories'),
	(420, NULL, NULL, 'Garbage Disposal'),
	(421, NULL, NULL, 'Ice Tea Maker'),
	(422, NULL, NULL, 'Lathe'),
	(423, NULL, NULL, 'Trash Compactor'),
	(424, NULL, NULL, 'Burner'),
	(425, NULL, NULL, 'Guitar'),
	(426, NULL, NULL, 'Spreader'),
	(427, NULL, NULL, 'Swimming Pool Gate Alarm'),
	(428, NULL, NULL, 'Waterskis'),
	(429, NULL, NULL, 'Brush Cutter'),
	(430, NULL, NULL, 'Engraver'),
	(431, NULL, NULL, 'Hot Tub'),
	(432, NULL, NULL, 'Rowing Machine'),
	(433, NULL, NULL, 'Board Games'),
	(434, NULL, NULL, 'Cultivator'),
	(435, NULL, NULL, 'Edger'),
	(436, NULL, NULL, 'Fire Pit'),
	(437, NULL, NULL, 'Lawn Sweeper'),
	(438, NULL, NULL, 'Smoker'),
	(439, NULL, NULL, 'Blowtorch'),
	(440, NULL, NULL, 'Patio Heater'),
	(441, NULL, NULL, 'Pest Control Equipment'),
	(442, NULL, NULL, 'Pet Care Product'),
	(443, NULL, NULL, 'Yogurt Maker'),
	(444, NULL, NULL, 'Home Dialysis Equipment'),
	(445, NULL, NULL, 'Jet Ski'),
	(446, NULL, NULL, 'Egg Cooker'),
	(447, NULL, NULL, 'Heating System'),
	(448, NULL, NULL, 'Swimming Pool Heater'),
	(449, NULL, NULL, 'Decking'),
	(450, NULL, NULL, 'Greenhouse Kit'),
	(451, NULL, NULL, 'Boat Trailer'),
	(452, NULL, NULL, 'Siding'),
	(453, NULL, NULL, 'Outdoor Kitchen Island'),
	(454, NULL, NULL, 'Swimming Pool'),
	(455, NULL, NULL, 'Outdoor Gas Burner'),
	(456, NULL, NULL, 'Electric Cookie Press'),
	(457, NULL, NULL, 'Snow Blower Attachment'),
	(458, NULL, NULL, 'Lopper'),
	(459, NULL, NULL, 'Fishing Equipment'),
	(460, NULL, NULL, 'Laminator'),
	(461, NULL, NULL, 'Skis'),
	(462, NULL, NULL, 'Outdoor Fountain'),
	(463, NULL, NULL, 'Turkey Fryer'),
	(464, NULL, NULL, 'Quesadilla Maker'),
	(465, NULL, NULL, 'Nebulizer'),
	(466, NULL, NULL, 'Flooring'),
	(467, NULL, NULL, 'Swimming Pool Pump'),
	(468, NULL, NULL, 'Paint Remover'),
	(469, NULL, NULL, 'Soldering Gun'),
	(470, NULL, NULL, 'Picnic Table'),
	(471, NULL, NULL, 'Patio Umbrella'),
	(472, NULL, NULL, 'Electric Pencil Sharpener'),
	(473, NULL, NULL, 'Flash Memory'),
	(474, NULL, NULL, 'Cross Country Skier'),
	(475, NULL, NULL, 'Snowboard'),
	(476, NULL, NULL, 'Fire Extinguisher'),
	(477, NULL, NULL, 'Crepe Maker'),
	(478, NULL, NULL, 'Electric Garlic Roaster'),
	(479, NULL, NULL, 'Swimming Pool Filter'),
	(480, NULL, NULL, 'Irrigation System'),
	(481, NULL, NULL, 'Motorized Awning');
/*!40000 ALTER TABLE `product_categories` ENABLE KEYS */;

-- Dumpen data van tabel steros.types_product_categories: ~267 rows (ongeveer)
/*!40000 ALTER TABLE `types_product_categories` DISABLE KEYS */;
TRUNCATE TABLE `types_product_categories`;
INSERT INTO `types_product_categories` (`product_category_id`, `type_id`, `created_at`, `updated_at`) VALUES
	(1, 1, NULL, NULL),
	(2, 2, NULL, NULL),
	(3, 3, NULL, NULL),
	(3, 4, NULL, NULL),
	(4, 5, NULL, NULL),
	(2, 6, NULL, NULL),
	(2, 7, NULL, NULL),
	(2, 8, NULL, NULL),
	(2, 9, NULL, NULL),
	(2, 10, NULL, NULL),
	(2, 11, NULL, NULL),
	(2, 12, NULL, NULL),
	(4, 13, NULL, NULL),
	(3, 14, NULL, NULL),
	(4, 15, NULL, NULL),
	(2, 16, NULL, NULL),
	(2, 17, NULL, NULL),
	(2, 18, NULL, NULL),
	(2, 19, NULL, NULL),
	(2, 20, NULL, NULL),
	(2, 21, NULL, NULL),
	(5, 22, NULL, NULL),
	(5, 23, NULL, NULL),
	(5, 24, NULL, NULL),
	(5, 25, NULL, NULL),
	(5, 26, NULL, NULL),
	(5, 27, NULL, NULL),
	(5, 28, NULL, NULL),
	(5, 29, NULL, NULL),
	(5, 30, NULL, NULL),
	(5, 31, NULL, NULL),
	(5, 32, NULL, NULL),
	(5, 33, NULL, NULL),
	(5, 34, NULL, NULL),
	(5, 35, NULL, NULL),
	(5, 36, NULL, NULL),
	(5, 37, NULL, NULL),
	(5, 38, NULL, NULL),
	(5, 39, NULL, NULL),
	(5, 40, NULL, NULL),
	(5, 41, NULL, NULL),
	(6, 42, NULL, NULL),
	(6, 43, NULL, NULL),
	(7, 44, NULL, NULL),
	(7, 45, NULL, NULL),
	(6, 46, NULL, NULL),
	(6, 47, NULL, NULL),
	(6, 48, NULL, NULL),
	(6, 49, NULL, NULL),
	(7, 50, NULL, NULL),
	(6, 51, NULL, NULL),
	(6, 52, NULL, NULL),
	(6, 53, NULL, NULL),
	(6, 54, NULL, NULL),
	(6, 55, NULL, NULL),
	(6, 56, NULL, NULL),
	(7, 57, NULL, NULL),
	(7, 58, NULL, NULL),
	(6, 59, NULL, NULL),
	(8, 60, NULL, NULL),
	(8, 61, NULL, NULL),
	(9, 62, NULL, NULL),
	(9, 63, NULL, NULL),
	(9, 64, NULL, NULL),
	(9, 65, NULL, NULL),
	(9, 66, NULL, NULL),
	(9, 67, NULL, NULL),
	(9, 68, NULL, NULL),
	(9, 69, NULL, NULL),
	(9, 70, NULL, NULL),
	(9, 71, NULL, NULL),
	(9, 72, NULL, NULL),
	(9, 73, NULL, NULL),
	(9, 74, NULL, NULL),
	(9, 75, NULL, NULL),
	(9, 76, NULL, NULL),
	(9, 77, NULL, NULL),
	(9, 78, NULL, NULL),
	(9, 79, NULL, NULL),
	(9, 80, NULL, NULL),
	(9, 81, NULL, NULL),
	(10, 82, NULL, NULL),
	(11, 83, NULL, NULL),
	(12, 84, NULL, NULL),
	(12, 85, NULL, NULL),
	(12, 86, NULL, NULL),
	(12, 87, NULL, NULL),
	(12, 88, NULL, NULL),
	(12, 89, NULL, NULL),
	(12, 90, NULL, NULL),
	(12, 91, NULL, NULL),
	(10, 92, NULL, NULL),
	(12, 93, NULL, NULL),
	(12, 94, NULL, NULL),
	(12, 95, NULL, NULL),
	(12, 96, NULL, NULL),
	(12, 97, NULL, NULL),
	(12, 98, NULL, NULL),
	(12, 99, NULL, NULL),
	(12, 100, NULL, NULL),
	(12, 101, NULL, NULL),
	(13, 102, NULL, NULL),
	(14, 103, NULL, NULL),
	(14, 104, NULL, NULL),
	(14, 105, NULL, NULL),
	(14, 106, NULL, NULL),
	(15, 107, NULL, NULL),
	(15, 108, NULL, NULL),
	(15, 109, NULL, NULL),
	(15, 110, NULL, NULL),
	(15, 111, NULL, NULL),
	(15, 112, NULL, NULL),
	(15, 113, NULL, NULL),
	(15, 114, NULL, NULL),
	(15, 115, NULL, NULL),
	(15, 116, NULL, NULL),
	(15, 117, NULL, NULL),
	(15, 118, NULL, NULL),
	(15, 119, NULL, NULL),
	(16, 120, NULL, NULL),
	(16, 121, NULL, NULL),
	(17, 122, NULL, NULL),
	(17, 123, NULL, NULL),
	(17, 124, NULL, NULL),
	(17, 125, NULL, NULL),
	(17, 126, NULL, NULL),
	(17, 127, NULL, NULL),
	(17, 128, NULL, NULL),
	(17, 129, NULL, NULL),
	(17, 130, NULL, NULL),
	(17, 131, NULL, NULL),
	(17, 132, NULL, NULL),
	(17, 133, NULL, NULL),
	(17, 134, NULL, NULL),
	(17, 135, NULL, NULL),
	(17, 136, NULL, NULL),
	(17, 137, NULL, NULL),
	(17, 138, NULL, NULL),
	(17, 139, NULL, NULL),
	(17, 140, NULL, NULL),
	(17, 141, NULL, NULL),
	(18, 142, NULL, NULL),
	(18, 143, NULL, NULL),
	(19, 144, NULL, NULL),
	(19, 145, NULL, NULL),
	(19, 146, NULL, NULL),
	(20, 147, NULL, NULL),
	(20, 148, NULL, NULL),
	(20, 149, NULL, NULL),
	(20, 150, NULL, NULL),
	(20, 151, NULL, NULL),
	(20, 152, NULL, NULL),
	(101, 4, NULL, NULL),
	(15, 4, NULL, NULL),
	(12, 4, NULL, NULL),
	(1, 4, NULL, NULL),
	(134, 4, NULL, NULL),
	(37, 4, NULL, NULL),
	(2, 3, NULL, NULL),
	(190, 4, NULL, NULL),
	(164, 4, NULL, NULL),
	(126, 4, NULL, NULL),
	(10, 4, NULL, NULL),
	(62, 4, NULL, NULL),
	(2, 4, NULL, NULL),
	(2, 82, NULL, NULL),
	(21, 4, NULL, NULL),
	(53, 4, NULL, NULL),
	(158, 4, NULL, NULL),
	(9, 4, NULL, NULL),
	(12, 13, NULL, NULL),
	(10, 3, NULL, NULL),
	(10, 84, NULL, NULL),
	(10, 87, NULL, NULL),
	(19, 4, NULL, NULL),
	(130, 4, NULL, NULL),
	(11, 4, NULL, NULL),
	(94, 4, NULL, NULL),
	(346, 4, NULL, NULL),
	(152, 4, NULL, NULL),
	(144, 4, NULL, NULL),
	(208, 4, NULL, NULL),
	(171, 4, NULL, NULL),
	(134, 16, NULL, NULL),
	(100, 4, NULL, NULL),
	(95, 14, NULL, NULL),
	(137, 3, NULL, NULL),
	(136, 4, NULL, NULL),
	(35, 4, NULL, NULL),
	(327, 41, NULL, NULL),
	(327, 40, NULL, NULL),
	(69, 4, NULL, NULL),
	(77, 4, NULL, NULL),
	(98, 4, NULL, NULL),
	(109, 4, NULL, NULL),
	(88, 4, NULL, NULL),
	(81, 4, NULL, NULL),
	(79, 3, NULL, NULL),
	(111, 4, NULL, NULL),
	(27, 3, NULL, NULL),
	(27, 4, NULL, NULL),
	(26, 4, NULL, NULL),
	(70, 4, NULL, NULL),
	(385, 4, NULL, NULL),
	(90, 3, NULL, NULL),
	(192, 4, NULL, NULL),
	(190, 19, NULL, NULL),
	(20, 4, NULL, NULL),
	(36, 4, NULL, NULL),
	(349, 4, NULL, NULL),
	(295, 4, NULL, NULL),
	(353, 4, NULL, NULL),
	(370, 4, NULL, NULL),
	(49, 4, NULL, NULL),
	(50, 4, NULL, NULL),
	(369, 4, NULL, NULL),
	(338, 4, NULL, NULL),
	(277, 4, NULL, NULL),
	(204, 4, NULL, NULL),
	(91, 3, NULL, NULL),
	(199, 4, NULL, NULL),
	(238, 4, NULL, NULL),
	(333, 4, NULL, NULL),
	(243, 4, NULL, NULL),
	(231, 4, NULL, NULL),
	(153, 4, NULL, NULL),
	(424, 4, NULL, NULL),
	(108, 4, NULL, NULL),
	(393, 4, NULL, NULL),
	(276, 3, NULL, NULL),
	(276, 4, NULL, NULL),
	(407, 4, NULL, NULL),
	(440, 4, NULL, NULL),
	(448, 4, NULL, NULL),
	(467, 4, NULL, NULL),
	(335, 4, NULL, NULL),
	(211, 4, NULL, NULL),
	(7, 4, NULL, NULL),
	(12, 3, NULL, NULL),
	(320, 4, NULL, NULL),
	(10, 85, NULL, NULL),
	(10, 91, NULL, NULL),
	(94, 81, NULL, NULL),
	(94, 3, NULL, NULL),
	(216, 4, NULL, NULL),
	(16, 4, NULL, NULL),
	(134, 8, NULL, NULL),
	(134, 10, NULL, NULL),
	(92, 4, NULL, NULL),
	(43, 4, NULL, NULL),
	(99, 4, NULL, NULL),
	(49, 42, NULL, NULL),
	(55, 4, NULL, NULL),
	(149, 4, NULL, NULL),
	(66, 4, NULL, NULL),
	(201, 4, NULL, NULL),
	(197, 4, NULL, NULL),
	(363, 4, NULL, NULL),
	(245, 4, NULL, NULL),
	(219, 4, NULL, NULL),
	(13, 4, NULL, NULL),
	(197, 3, NULL, NULL),
	(134, 6, NULL, NULL),
	(134, 9, NULL, NULL),
	(229, 4, NULL, NULL),
	(154, 4, NULL, NULL),
	(206, 4, NULL, NULL);
/*!40000 ALTER TABLE `types_product_categories` ENABLE KEYS */;

/*!40101 SET SQL_MODE=IFNULL(@OLD_SQL_MODE, '') */;
/*!40014 SET FOREIGN_KEY_CHECKS=IF(@OLD_FOREIGN_KEY_CHECKS IS NULL, 1, @OLD_FOREIGN_KEY_CHECKS) */;
/*!40101 SET CHARACTER_SET_CLIENT=@OLD_CHARACTER_SET_CLIENT */;
